run_accession	sample_accession	experiment_accession	study_accession	tax_id	scientific_name	fastq_bytes	fastq_ftp	submitted_bytes	submitted_ftp	sra_bytes	sra_ftp	bam_ftp	bam_bytes
ERR3507009	SAMEA5934519	ERX3528223	PRJEB34168	408170	human gut metagenome	12342118;13668916	ftp.sra.ebi.ac.uk/vol1/fastq/ERR350/009/ERR3507009/ERR3507009_1.fastq.gz;ftp.sra.ebi.ac.uk/vol1/fastq/ERR350/009/ERR3507009/ERR3507009_2.fastq.gz	11579200;12914747	ftp.sra.ebi.ac.uk/vol1/run/ERR350/ERR3507009/Healthy01_23_L001_R1_001.fastq.gz;ftp.sra.ebi.ac.uk/vol1/run/ERR350/ERR3507009/Healthy01_23_L001_R2_001.fastq.gz	30654629	ftp.sra.ebi.ac.uk/vol1/err/ERR350/009/ERR3507009		
ERR3507010	SAMEA5934520	ERX3528224	PRJEB34168	408170	human gut metagenome	9365405;10472755	ftp.sra.ebi.ac.uk/vol1/fastq/ERR350/000/ERR3507010/ERR3507010_1.fastq.gz;ftp.sra.ebi.ac.uk/vol1/fastq/ERR350/000/ERR3507010/ERR3507010_2.fastq.gz	8731448;9885591	ftp.sra.ebi.ac.uk/vol1/run/ERR350/ERR3507010/Healthy02_18_L001_R1_001.fastq.gz;ftp.sra.ebi.ac.uk/vol1/run/ERR350/ERR3507010/Healthy02_18_L001_R2_001.fastq.gz	22938044	ftp.sra.ebi.ac.uk/vol1/err/ERR350/000/ERR3507010		
ERR3507012	SAMEA5934522	ERX3528226	PRJEB34168	408170	human gut metagenome	9715356;10808810	ftp.sra.ebi.ac.uk/vol1/fastq/ERR350/002/ERR3507012/ERR3507012_1.fastq.gz;ftp.sra.ebi.ac.uk/vol1/fastq/ERR350/002/ERR3507012/ERR3507012_2.fastq.gz	9089661;10199245	ftp.sra.ebi.ac.uk/vol1/run/ERR350/ERR3507012/Healthy04_1_L001_R1_001.fastq.gz;ftp.sra.ebi.ac.uk/vol1/run/ERR350/ERR3507012/Healthy04_1_L001_R2_001.fastq.gz	23412429	ftp.sra.ebi.ac.uk/vol1/err/ERR350/002/ERR3507012		
ERR3507031	SAMEA5934541	ERX3528245	PRJEB34168	408170	human gut metagenome	11966661;14165261	ftp.sra.ebi.ac.uk/vol1/fastq/ERR350/001/ERR3507031/ERR3507031_1.fastq.gz;ftp.sra.ebi.ac.uk/vol1/fastq/ERR350/001/ERR3507031/ERR3507031_2.fastq.gz	11136667;13348734	ftp.sra.ebi.ac.uk/vol1/run/ERR350/ERR3507031/Healthy23_14_L001_R1_001.fastq.gz;ftp.sra.ebi.ac.uk/vol1/run/ERR350/ERR3507031/Healthy23_14_L001_R2_001.fastq.gz	30149565	ftp.sra.ebi.ac.uk/vol1/err/ERR350/001/ERR3507031		
ERR3507034	SAMEA5934544	ERX3528248	PRJEB34168	408170	human gut metagenome	10855597;13058852	ftp.sra.ebi.ac.uk/vol1/fastq/ERR350/004/ERR3507034/ERR3507034_1.fastq.gz;ftp.sra.ebi.ac.uk/vol1/fastq/ERR350/004/ERR3507034/ERR3507034_2.fastq.gz	10042673;12285339	ftp.sra.ebi.ac.uk/vol1/run/ERR350/ERR3507034/Healthy26_4_L001_R1_001.fastq.gz;ftp.sra.ebi.ac.uk/vol1/run/ERR350/ERR3507034/Healthy26_4_L001_R2_001.fastq.gz	27906014	ftp.sra.ebi.ac.uk/vol1/err/ERR350/004/ERR3507034		
ERR3507037	SAMEA5934547	ERX3528251	PRJEB34168	408170	human gut metagenome	9085749;10785211	ftp.sra.ebi.ac.uk/vol1/fastq/ERR350/007/ERR3507037/ERR3507037_1.fastq.gz;ftp.sra.ebi.ac.uk/vol1/fastq/ERR350/007/ERR3507037/ERR3507037_2.fastq.gz	8425500;10147080	ftp.sra.ebi.ac.uk/vol1/run/ERR350/ERR3507037/Healthy29_17_L001_R1_001.fastq.gz;ftp.sra.ebi.ac.uk/vol1/run/ERR350/ERR3507037/Healthy29_17_L001_R2_001.fastq.gz	22067325	ftp.sra.ebi.ac.uk/vol1/err/ERR350/007/ERR3507037		
ERR3507044	SAMEA5934554	ERX3528258	PRJEB34168	408170	human gut metagenome	2878343;3675846	ftp.sra.ebi.ac.uk/vol1/fastq/ERR350/004/ERR3507044/ERR3507044_1.fastq.gz;ftp.sra.ebi.ac.uk/vol1/fastq/ERR350/004/ERR3507044/ERR3507044_2.fastq.gz	2616647;3429847	ftp.sra.ebi.ac.uk/vol1/run/ERR350/ERR3507044/Healthy36_9_L001_R1_001.fastq.gz;ftp.sra.ebi.ac.uk/vol1/run/ERR350/ERR3507044/Healthy36_9_L001_R2_001.fastq.gz	7598304	ftp.sra.ebi.ac.uk/vol1/err/ERR350/004/ERR3507044		
ERR3507045	SAMEA5934555	ERX3528259	PRJEB34168	408170	human gut metagenome	2558254;3371734	ftp.sra.ebi.ac.uk/vol1/fastq/ERR350/005/ERR3507045/ERR3507045_1.fastq.gz;ftp.sra.ebi.ac.uk/vol1/fastq/ERR350/005/ERR3507045/ERR3507045_2.fastq.gz	2336376;3178122	ftp.sra.ebi.ac.uk/vol1/run/ERR350/ERR3507045/Healthy37_1_L001_R1_001.fastq.gz;ftp.sra.ebi.ac.uk/vol1/run/ERR350/ERR3507045/Healthy37_1_L001_R2_001.fastq.gz	7051953	ftp.sra.ebi.ac.uk/vol1/err/ERR350/005/ERR3507045		
ERR3507047	SAMEA5934557	ERX3528261	PRJEB34168	408170	human gut metagenome	3886926;5164195	ftp.sra.ebi.ac.uk/vol1/fastq/ERR350/007/ERR3507047/ERR3507047_1.fastq.gz;ftp.sra.ebi.ac.uk/vol1/fastq/ERR350/007/ERR3507047/ERR3507047_2.fastq.gz	3560198;4864607	ftp.sra.ebi.ac.uk/vol1/run/ERR350/ERR3507047/Healthy39_10_L001_R1_001.fastq.gz;ftp.sra.ebi.ac.uk/vol1/run/ERR350/ERR3507047/Healthy39_10_L001_R2_001.fastq.gz	11118842	ftp.sra.ebi.ac.uk/vol1/err/ERR350/007/ERR3507047		
ERR3507049	SAMEA5934559	ERX3528263	PRJEB34168	408170	human gut metagenome	7070453;7758754	ftp.sra.ebi.ac.uk/vol1/fastq/ERR350/009/ERR3507049/ERR3507049_1.fastq.gz;ftp.sra.ebi.ac.uk/vol1/fastq/ERR350/009/ERR3507049/ERR3507049_2.fastq.gz	6606191;7301129	ftp.sra.ebi.ac.uk/vol1/run/ERR350/ERR3507049/MS02_13_L001_R1_001.fastq.gz;ftp.sra.ebi.ac.uk/vol1/run/ERR350/ERR3507049/MS02_13_L001_R2_001.fastq.gz	17357331	ftp.sra.ebi.ac.uk/vol1/err/ERR350/009/ERR3507049		
ERR3507051	SAMEA5934561	ERX3528265	PRJEB34168	408170	human gut metagenome	11259670;13131771	ftp.sra.ebi.ac.uk/vol1/fastq/ERR350/001/ERR3507051/ERR3507051_1.fastq.gz;ftp.sra.ebi.ac.uk/vol1/fastq/ERR350/001/ERR3507051/ERR3507051_2.fastq.gz	10514541;12439653	ftp.sra.ebi.ac.uk/vol1/run/ERR350/ERR3507051/MS04_22_L001_R1_001.fastq.gz;ftp.sra.ebi.ac.uk/vol1/run/ERR350/ERR3507051/MS04_22_L001_R2_001.fastq.gz	28971143	ftp.sra.ebi.ac.uk/vol1/err/ERR350/001/ERR3507051		
ERR3507054	SAMEA5934564	ERX3528268	PRJEB34168	408170	human gut metagenome	7593794;8625436	ftp.sra.ebi.ac.uk/vol1/fastq/ERR350/004/ERR3507054/ERR3507054_1.fastq.gz;ftp.sra.ebi.ac.uk/vol1/fastq/ERR350/004/ERR3507054/ERR3507054_2.fastq.gz	7100997;8153222	ftp.sra.ebi.ac.uk/vol1/run/ERR350/ERR3507054/MS07_4_L001_R1_001.fastq.gz;ftp.sra.ebi.ac.uk/vol1/run/ERR350/ERR3507054/MS07_4_L001_R2_001.fastq.gz	18584222	ftp.sra.ebi.ac.uk/vol1/err/ERR350/004/ERR3507054		
ERR3507055	SAMEA5934565	ERX3528269	PRJEB34168	408170	human gut metagenome	6865429;7801820	ftp.sra.ebi.ac.uk/vol1/fastq/ERR350/005/ERR3507055/ERR3507055_1.fastq.gz;ftp.sra.ebi.ac.uk/vol1/fastq/ERR350/005/ERR3507055/ERR3507055_2.fastq.gz	6420508;7390051	ftp.sra.ebi.ac.uk/vol1/run/ERR350/ERR3507055/MS08_2_L001_R1_001.fastq.gz;ftp.sra.ebi.ac.uk/vol1/run/ERR350/ERR3507055/MS08_2_L001_R2_001.fastq.gz	17109953	ftp.sra.ebi.ac.uk/vol1/err/ERR350/005/ERR3507055		
ERR3507061	SAMEA5934571	ERX3528275	PRJEB34168	408170	human gut metagenome	12704873;15344912	ftp.sra.ebi.ac.uk/vol1/fastq/ERR350/001/ERR3507061/ERR3507061_1.fastq.gz;ftp.sra.ebi.ac.uk/vol1/fastq/ERR350/001/ERR3507061/ERR3507061_2.fastq.gz	11778593;14439393	ftp.sra.ebi.ac.uk/vol1/run/ERR350/ERR3507061/MS14_28_L001_R1_001.fastq.gz;ftp.sra.ebi.ac.uk/vol1/run/ERR350/ERR3507061/MS14_28_L001_R2_001.fastq.gz	33277790	ftp.sra.ebi.ac.uk/vol1/err/ERR350/001/ERR3507061		
ERR3507064	SAMEA5934574	ERX3528278	PRJEB34168	408170	human gut metagenome	9055777;10794846	ftp.sra.ebi.ac.uk/vol1/fastq/ERR350/004/ERR3507064/ERR3507064_1.fastq.gz;ftp.sra.ebi.ac.uk/vol1/fastq/ERR350/004/ERR3507064/ERR3507064_2.fastq.gz	8384936;10142434	ftp.sra.ebi.ac.uk/vol1/run/ERR350/ERR3507064/MS17_30_L001_R1_001.fastq.gz;ftp.sra.ebi.ac.uk/vol1/run/ERR350/ERR3507064/MS17_30_L001_R2_001.fastq.gz	22645064	ftp.sra.ebi.ac.uk/vol1/err/ERR350/004/ERR3507064		
ERR3507013	SAMEA5934523	ERX3528227	PRJEB34168	408170	human gut metagenome	10387118;11695465	ftp.sra.ebi.ac.uk/vol1/fastq/ERR350/003/ERR3507013/ERR3507013_1.fastq.gz;ftp.sra.ebi.ac.uk/vol1/fastq/ERR350/003/ERR3507013/ERR3507013_2.fastq.gz	9729621;11037852	ftp.sra.ebi.ac.uk/vol1/run/ERR350/ERR3507013/Healthy05_12_L001_R1_001.fastq.gz;ftp.sra.ebi.ac.uk/vol1/run/ERR350/ERR3507013/Healthy05_12_L001_R2_001.fastq.gz	25001165	ftp.sra.ebi.ac.uk/vol1/err/ERR350/003/ERR3507013		
ERR3507065	SAMEA5934575	ERX3528279	PRJEB34168	408170	human gut metagenome	9475671;11352650	ftp.sra.ebi.ac.uk/vol1/fastq/ERR350/005/ERR3507065/ERR3507065_1.fastq.gz;ftp.sra.ebi.ac.uk/vol1/fastq/ERR350/005/ERR3507065/ERR3507065_2.fastq.gz	8764471;10687784	ftp.sra.ebi.ac.uk/vol1/run/ERR350/ERR3507065/MS18_16_L001_R1_001.fastq.gz;ftp.sra.ebi.ac.uk/vol1/run/ERR350/ERR3507065/MS18_16_L001_R2_001.fastq.gz	23918213	ftp.sra.ebi.ac.uk/vol1/err/ERR350/005/ERR3507065		
ERR3507016	SAMEA5934526	ERX3528230	PRJEB34168	408170	human gut metagenome	10061032;11659054	ftp.sra.ebi.ac.uk/vol1/fastq/ERR350/006/ERR3507016/ERR3507016_1.fastq.gz;ftp.sra.ebi.ac.uk/vol1/fastq/ERR350/006/ERR3507016/ERR3507016_2.fastq.gz	9412852;11020483	ftp.sra.ebi.ac.uk/vol1/run/ERR350/ERR3507016/Healthy08_14_L001_R1_001.fastq.gz;ftp.sra.ebi.ac.uk/vol1/run/ERR350/ERR3507016/Healthy08_14_L001_R2_001.fastq.gz	25054613	ftp.sra.ebi.ac.uk/vol1/err/ERR350/006/ERR3507016		
ERR3507066	SAMEA5934576	ERX3528280	PRJEB34168	408170	human gut metagenome	8939656;10748503	ftp.sra.ebi.ac.uk/vol1/fastq/ERR350/006/ERR3507066/ERR3507066_1.fastq.gz;ftp.sra.ebi.ac.uk/vol1/fastq/ERR350/006/ERR3507066/ERR3507066_2.fastq.gz	8273991;10125513	ftp.sra.ebi.ac.uk/vol1/run/ERR350/ERR3507066/MS19_5_L001_R1_001.fastq.gz;ftp.sra.ebi.ac.uk/vol1/run/ERR350/ERR3507066/MS19_5_L001_R2_001.fastq.gz	22839456	ftp.sra.ebi.ac.uk/vol1/err/ERR350/006/ERR3507066		
ERR3507017	SAMEA5934527	ERX3528231	PRJEB34168	408170	human gut metagenome	13154526;14747674	ftp.sra.ebi.ac.uk/vol1/fastq/ERR350/007/ERR3507017/ERR3507017_1.fastq.gz;ftp.sra.ebi.ac.uk/vol1/fastq/ERR350/007/ERR3507017/ERR3507017_2.fastq.gz	12260756;13885322	ftp.sra.ebi.ac.uk/vol1/run/ERR350/ERR3507017/Healthy09_5_L001_R1_001.fastq.gz;ftp.sra.ebi.ac.uk/vol1/run/ERR350/ERR3507017/Healthy09_5_L001_R2_001.fastq.gz	32389241	ftp.sra.ebi.ac.uk/vol1/err/ERR350/007/ERR3507017		
ERR3507072	SAMEA5934582	ERX3528286	PRJEB34168	408170	human gut metagenome	2935359;3749243	ftp.sra.ebi.ac.uk/vol1/fastq/ERR350/002/ERR3507072/ERR3507072_1.fastq.gz;ftp.sra.ebi.ac.uk/vol1/fastq/ERR350/002/ERR3507072/ERR3507072_2.fastq.gz	2681105;3512676	ftp.sra.ebi.ac.uk/vol1/run/ERR350/ERR3507072/MS25_5_L001_R1_001.fastq.gz;ftp.sra.ebi.ac.uk/vol1/run/ERR350/ERR3507072/MS25_5_L001_R2_001.fastq.gz	8053516	ftp.sra.ebi.ac.uk/vol1/err/ERR350/002/ERR3507072		
ERR3507018	SAMEA5934528	ERX3528232	PRJEB34168	408170	human gut metagenome	7866343;8501175	ftp.sra.ebi.ac.uk/vol1/fastq/ERR350/008/ERR3507018/ERR3507018_1.fastq.gz;ftp.sra.ebi.ac.uk/vol1/fastq/ERR350/008/ERR3507018/ERR3507018_2.fastq.gz	7358946;8014223	ftp.sra.ebi.ac.uk/vol1/run/ERR350/ERR3507018/Healthy10_24_L001_R1_001.fastq.gz;ftp.sra.ebi.ac.uk/vol1/run/ERR350/ERR3507018/Healthy10_24_L001_R2_001.fastq.gz	19131377	ftp.sra.ebi.ac.uk/vol1/err/ERR350/008/ERR3507018		
ERR3507020	SAMEA5934530	ERX3528234	PRJEB34168	408170	human gut metagenome	8544237;9639732	ftp.sra.ebi.ac.uk/vol1/fastq/ERR350/000/ERR3507020/ERR3507020_1.fastq.gz;ftp.sra.ebi.ac.uk/vol1/fastq/ERR350/000/ERR3507020/ERR3507020_2.fastq.gz	7997752;9096035	ftp.sra.ebi.ac.uk/vol1/run/ERR350/ERR3507020/Healthy12_11_L001_R1_001.fastq.gz;ftp.sra.ebi.ac.uk/vol1/run/ERR350/ERR3507020/Healthy12_11_L001_R2_001.fastq.gz	20555450	ftp.sra.ebi.ac.uk/vol1/err/ERR350/000/ERR3507020		
ERR3507023	SAMEA5934533	ERX3528237	PRJEB34168	408170	human gut metagenome	8843235;9786920	ftp.sra.ebi.ac.uk/vol1/fastq/ERR350/003/ERR3507023/ERR3507023_1.fastq.gz;ftp.sra.ebi.ac.uk/vol1/fastq/ERR350/003/ERR3507023/ERR3507023_2.fastq.gz	8266079;9224993	ftp.sra.ebi.ac.uk/vol1/run/ERR350/ERR3507023/Healthy15_19_L001_R1_001.fastq.gz;ftp.sra.ebi.ac.uk/vol1/run/ERR350/ERR3507023/Healthy15_19_L001_R2_001.fastq.gz	20730205	ftp.sra.ebi.ac.uk/vol1/err/ERR350/003/ERR3507023		
ERR3507024	SAMEA5934534	ERX3528238	PRJEB34168	408170	human gut metagenome	8970755;10515797	ftp.sra.ebi.ac.uk/vol1/fastq/ERR350/004/ERR3507024/ERR3507024_1.fastq.gz;ftp.sra.ebi.ac.uk/vol1/fastq/ERR350/004/ERR3507024/ERR3507024_2.fastq.gz	8340875;9892061	ftp.sra.ebi.ac.uk/vol1/run/ERR350/ERR3507024/Healthy16_9_L001_R1_001.fastq.gz;ftp.sra.ebi.ac.uk/vol1/run/ERR350/ERR3507024/Healthy16_9_L001_R2_001.fastq.gz	21852352	ftp.sra.ebi.ac.uk/vol1/err/ERR350/004/ERR3507024		
ERR3507025	SAMEA5934535	ERX3528239	PRJEB34168	408170	human gut metagenome	10748637;12576919	ftp.sra.ebi.ac.uk/vol1/fastq/ERR350/005/ERR3507025/ERR3507025_1.fastq.gz;ftp.sra.ebi.ac.uk/vol1/fastq/ERR350/005/ERR3507025/ERR3507025_2.fastq.gz	9969115;11826060	ftp.sra.ebi.ac.uk/vol1/run/ERR350/ERR3507025/Healthy17_12_L001_R1_001.fastq.gz;ftp.sra.ebi.ac.uk/vol1/run/ERR350/ERR3507025/Healthy17_12_L001_R2_001.fastq.gz	26190099	ftp.sra.ebi.ac.uk/vol1/err/ERR350/005/ERR3507025		
ERR3507026	SAMEA5934536	ERX3528240	PRJEB34168	408170	human gut metagenome	19006130;23067271	ftp.sra.ebi.ac.uk/vol1/fastq/ERR350/006/ERR3507026/ERR3507026_1.fastq.gz;ftp.sra.ebi.ac.uk/vol1/fastq/ERR350/006/ERR3507026/ERR3507026_2.fastq.gz	17585769;21722332	ftp.sra.ebi.ac.uk/vol1/run/ERR350/ERR3507026/Healthy18_8_L001_R1_001.fastq.gz;ftp.sra.ebi.ac.uk/vol1/run/ERR350/ERR3507026/Healthy18_8_L001_R2_001.fastq.gz	48929732	ftp.sra.ebi.ac.uk/vol1/err/ERR350/006/ERR3507026		
ERR3507011	SAMEA5934521	ERX3528225	PRJEB34168	408170	human gut metagenome	11580440;13005874	ftp.sra.ebi.ac.uk/vol1/fastq/ERR350/001/ERR3507011/ERR3507011_1.fastq.gz;ftp.sra.ebi.ac.uk/vol1/fastq/ERR350/001/ERR3507011/ERR3507011_2.fastq.gz	10821400;12268751	ftp.sra.ebi.ac.uk/vol1/run/ERR350/ERR3507011/Healthy03_9_L001_R1_001.fastq.gz;ftp.sra.ebi.ac.uk/vol1/run/ERR350/ERR3507011/Healthy03_9_L001_R2_001.fastq.gz	28380980	ftp.sra.ebi.ac.uk/vol1/err/ERR350/001/ERR3507011		
ERR3507027	SAMEA5934537	ERX3528241	PRJEB34168	408170	human gut metagenome	17259791;20154440	ftp.sra.ebi.ac.uk/vol1/fastq/ERR350/007/ERR3507027/ERR3507027_1.fastq.gz;ftp.sra.ebi.ac.uk/vol1/fastq/ERR350/007/ERR3507027/ERR3507027_2.fastq.gz	15990938;18904027	ftp.sra.ebi.ac.uk/vol1/run/ERR350/ERR3507027/Healthy19_2_L001_R1_001.fastq.gz;ftp.sra.ebi.ac.uk/vol1/run/ERR350/ERR3507027/Healthy19_2_L001_R2_001.fastq.gz	42755002	ftp.sra.ebi.ac.uk/vol1/err/ERR350/007/ERR3507027		
ERR3507014	SAMEA5934524	ERX3528228	PRJEB34168	408170	human gut metagenome	9644830;11036455	ftp.sra.ebi.ac.uk/vol1/fastq/ERR350/004/ERR3507014/ERR3507014_1.fastq.gz;ftp.sra.ebi.ac.uk/vol1/fastq/ERR350/004/ERR3507014/ERR3507014_2.fastq.gz	8985431;10435777	ftp.sra.ebi.ac.uk/vol1/run/ERR350/ERR3507014/Healthy06_7_L001_R1_001.fastq.gz;ftp.sra.ebi.ac.uk/vol1/run/ERR350/ERR3507014/Healthy06_7_L001_R2_001.fastq.gz	24150404	ftp.sra.ebi.ac.uk/vol1/err/ERR350/004/ERR3507014		
ERR3507030	SAMEA5934540	ERX3528244	PRJEB34168	408170	human gut metagenome	11892094;14092772	ftp.sra.ebi.ac.uk/vol1/fastq/ERR350/000/ERR3507030/ERR3507030_1.fastq.gz;ftp.sra.ebi.ac.uk/vol1/fastq/ERR350/000/ERR3507030/ERR3507030_2.fastq.gz	11027935;13276622	ftp.sra.ebi.ac.uk/vol1/run/ERR350/ERR3507030/Healthy22_15_L001_R1_001.fastq.gz;ftp.sra.ebi.ac.uk/vol1/run/ERR350/ERR3507030/Healthy22_15_L001_R2_001.fastq.gz	30042962	ftp.sra.ebi.ac.uk/vol1/err/ERR350/000/ERR3507030		
ERR3507015	SAMEA5934525	ERX3528229	PRJEB34168	408170	human gut metagenome	8884991;10323845	ftp.sra.ebi.ac.uk/vol1/fastq/ERR350/005/ERR3507015/ERR3507015_1.fastq.gz;ftp.sra.ebi.ac.uk/vol1/fastq/ERR350/005/ERR3507015/ERR3507015_2.fastq.gz	8298237;9769764	ftp.sra.ebi.ac.uk/vol1/run/ERR350/ERR3507015/Healthy07_3_L001_R1_001.fastq.gz;ftp.sra.ebi.ac.uk/vol1/run/ERR350/ERR3507015/Healthy07_3_L001_R2_001.fastq.gz	22491289	ftp.sra.ebi.ac.uk/vol1/err/ERR350/005/ERR3507015		
ERR3507032	SAMEA5934542	ERX3528246	PRJEB34168	408170	human gut metagenome	6535680;7752218	ftp.sra.ebi.ac.uk/vol1/fastq/ERR350/002/ERR3507032/ERR3507032_1.fastq.gz;ftp.sra.ebi.ac.uk/vol1/fastq/ERR350/002/ERR3507032/ERR3507032_2.fastq.gz	6068190;7300859	ftp.sra.ebi.ac.uk/vol1/run/ERR350/ERR3507032/Healthy24_24_L001_R1_001.fastq.gz;ftp.sra.ebi.ac.uk/vol1/run/ERR350/ERR3507032/Healthy24_24_L001_R2_001.fastq.gz	16817947	ftp.sra.ebi.ac.uk/vol1/err/ERR350/002/ERR3507032		
ERR3507033	SAMEA5934543	ERX3528247	PRJEB34168	408170	human gut metagenome	5089269;5951272	ftp.sra.ebi.ac.uk/vol1/fastq/ERR350/003/ERR3507033/ERR3507033_1.fastq.gz;ftp.sra.ebi.ac.uk/vol1/fastq/ERR350/003/ERR3507033/ERR3507033_2.fastq.gz	4723294;5605391	ftp.sra.ebi.ac.uk/vol1/run/ERR350/ERR3507033/Healthy25_26_L001_R1_001.fastq.gz;ftp.sra.ebi.ac.uk/vol1/run/ERR350/ERR3507033/Healthy25_26_L001_R2_001.fastq.gz	12547151	ftp.sra.ebi.ac.uk/vol1/err/ERR350/003/ERR3507033		
ERR3507019	SAMEA5934529	ERX3528233	PRJEB34168	408170	human gut metagenome	9079983;10242540	ftp.sra.ebi.ac.uk/vol1/fastq/ERR350/009/ERR3507019/ERR3507019_1.fastq.gz;ftp.sra.ebi.ac.uk/vol1/fastq/ERR350/009/ERR3507019/ERR3507019_2.fastq.gz	8490559;9647320	ftp.sra.ebi.ac.uk/vol1/run/ERR350/ERR3507019/Healthy11_10_L001_R1_001.fastq.gz;ftp.sra.ebi.ac.uk/vol1/run/ERR350/ERR3507019/Healthy11_10_L001_R2_001.fastq.gz	21675033	ftp.sra.ebi.ac.uk/vol1/err/ERR350/009/ERR3507019		
ERR3507021	SAMEA5934531	ERX3528235	PRJEB34168	408170	human gut metagenome	7230434;8189771	ftp.sra.ebi.ac.uk/vol1/fastq/ERR350/001/ERR3507021/ERR3507021_1.fastq.gz;ftp.sra.ebi.ac.uk/vol1/fastq/ERR350/001/ERR3507021/ERR3507021_2.fastq.gz	6758973;7738600	ftp.sra.ebi.ac.uk/vol1/run/ERR350/ERR3507021/Healthy13_15_L001_R1_001.fastq.gz;ftp.sra.ebi.ac.uk/vol1/run/ERR350/ERR3507021/Healthy13_15_L001_R2_001.fastq.gz	17196022	ftp.sra.ebi.ac.uk/vol1/err/ERR350/001/ERR3507021		
ERR3507035	SAMEA5934545	ERX3528249	PRJEB34168	408170	human gut metagenome	9742265;11709766	ftp.sra.ebi.ac.uk/vol1/fastq/ERR350/005/ERR3507035/ERR3507035_1.fastq.gz;ftp.sra.ebi.ac.uk/vol1/fastq/ERR350/005/ERR3507035/ERR3507035_2.fastq.gz	8994974;10997236	ftp.sra.ebi.ac.uk/vol1/run/ERR350/ERR3507035/Healthy27_29_L001_R1_001.fastq.gz;ftp.sra.ebi.ac.uk/vol1/run/ERR350/ERR3507035/Healthy27_29_L001_R2_001.fastq.gz	25136810	ftp.sra.ebi.ac.uk/vol1/err/ERR350/005/ERR3507035		
ERR3507022	SAMEA5934532	ERX3528236	PRJEB34168	408170	human gut metagenome	8539244;9409418	ftp.sra.ebi.ac.uk/vol1/fastq/ERR350/002/ERR3507022/ERR3507022_1.fastq.gz;ftp.sra.ebi.ac.uk/vol1/fastq/ERR350/002/ERR3507022/ERR3507022_2.fastq.gz	7962334;8839291	ftp.sra.ebi.ac.uk/vol1/run/ERR350/ERR3507022/Healthy14_16_L001_R1_001.fastq.gz;ftp.sra.ebi.ac.uk/vol1/run/ERR350/ERR3507022/Healthy14_16_L001_R2_001.fastq.gz	20368832	ftp.sra.ebi.ac.uk/vol1/err/ERR350/002/ERR3507022		
ERR3507036	SAMEA5934546	ERX3528250	PRJEB34168	408170	human gut metagenome	7905655;9401735	ftp.sra.ebi.ac.uk/vol1/fastq/ERR350/006/ERR3507036/ERR3507036_1.fastq.gz;ftp.sra.ebi.ac.uk/vol1/fastq/ERR350/006/ERR3507036/ERR3507036_2.fastq.gz	7310903;8835572	ftp.sra.ebi.ac.uk/vol1/run/ERR350/ERR3507036/Healthy28_3_L001_R1_001.fastq.gz;ftp.sra.ebi.ac.uk/vol1/run/ERR350/ERR3507036/Healthy28_3_L001_R2_001.fastq.gz	20461174	ftp.sra.ebi.ac.uk/vol1/err/ERR350/006/ERR3507036		
ERR3507028	SAMEA5934538	ERX3528242	PRJEB34168	408170	human gut metagenome	17640651;20892784	ftp.sra.ebi.ac.uk/vol1/fastq/ERR350/008/ERR3507028/ERR3507028_1.fastq.gz;ftp.sra.ebi.ac.uk/vol1/fastq/ERR350/008/ERR3507028/ERR3507028_2.fastq.gz	16339921;19635044	ftp.sra.ebi.ac.uk/vol1/run/ERR350/ERR3507028/Healthy20_1_L001_R1_001.fastq.gz;ftp.sra.ebi.ac.uk/vol1/run/ERR350/ERR3507028/Healthy20_1_L001_R2_001.fastq.gz	44866790	ftp.sra.ebi.ac.uk/vol1/err/ERR350/008/ERR3507028		
ERR3507029	SAMEA5934539	ERX3528243	PRJEB34168	408170	human gut metagenome	13381286;15725266	ftp.sra.ebi.ac.uk/vol1/fastq/ERR350/009/ERR3507029/ERR3507029_1.fastq.gz;ftp.sra.ebi.ac.uk/vol1/fastq/ERR350/009/ERR3507029/ERR3507029_2.fastq.gz	12420854;14790928	ftp.sra.ebi.ac.uk/vol1/run/ERR350/ERR3507029/Healthy21_22_L001_R1_001.fastq.gz;ftp.sra.ebi.ac.uk/vol1/run/ERR350/ERR3507029/Healthy21_22_L001_R2_001.fastq.gz	33420989	ftp.sra.ebi.ac.uk/vol1/err/ERR350/009/ERR3507029		
ERR3507038	SAMEA5934548	ERX3528252	PRJEB34168	408170	human gut metagenome	8708968;10288834	ftp.sra.ebi.ac.uk/vol1/fastq/ERR350/008/ERR3507038/ERR3507038_1.fastq.gz;ftp.sra.ebi.ac.uk/vol1/fastq/ERR350/008/ERR3507038/ERR3507038_2.fastq.gz	8084397;9686706	ftp.sra.ebi.ac.uk/vol1/run/ERR350/ERR3507038/Healthy30_19_L001_R1_001.fastq.gz;ftp.sra.ebi.ac.uk/vol1/run/ERR350/ERR3507038/Healthy30_19_L001_R2_001.fastq.gz	20930081	ftp.sra.ebi.ac.uk/vol1/err/ERR350/008/ERR3507038		
ERR3507039	SAMEA5934549	ERX3528253	PRJEB34168	408170	human gut metagenome	9966599;12068246	ftp.sra.ebi.ac.uk/vol1/fastq/ERR350/009/ERR3507039/ERR3507039_1.fastq.gz;ftp.sra.ebi.ac.uk/vol1/fastq/ERR350/009/ERR3507039/ERR3507039_2.fastq.gz	9237264;11370023	ftp.sra.ebi.ac.uk/vol1/run/ERR350/ERR3507039/Healthy31_20_L001_R1_001.fastq.gz;ftp.sra.ebi.ac.uk/vol1/run/ERR350/ERR3507039/Healthy31_20_L001_R2_001.fastq.gz	25374978	ftp.sra.ebi.ac.uk/vol1/err/ERR350/009/ERR3507039		
ERR3507042	SAMEA5934552	ERX3528256	PRJEB34168	408170	human gut metagenome	3441136;4758510	ftp.sra.ebi.ac.uk/vol1/fastq/ERR350/002/ERR3507042/ERR3507042_1.fastq.gz;ftp.sra.ebi.ac.uk/vol1/fastq/ERR350/002/ERR3507042/ERR3507042_2.fastq.gz	3126285;4483480	ftp.sra.ebi.ac.uk/vol1/run/ERR350/ERR3507042/Healthy34_8_L001_R1_001.fastq.gz;ftp.sra.ebi.ac.uk/vol1/run/ERR350/ERR3507042/Healthy34_8_L001_R2_001.fastq.gz	9709640	ftp.sra.ebi.ac.uk/vol1/err/ERR350/002/ERR3507042		
ERR3507040	SAMEA5934550	ERX3528254	PRJEB34168	408170	human gut metagenome	12183618;14376917	ftp.sra.ebi.ac.uk/vol1/fastq/ERR350/000/ERR3507040/ERR3507040_1.fastq.gz;ftp.sra.ebi.ac.uk/vol1/fastq/ERR350/000/ERR3507040/ERR3507040_2.fastq.gz	11322895;13515975	ftp.sra.ebi.ac.uk/vol1/run/ERR350/ERR3507040/Healthy32_27_L001_R1_001.fastq.gz;ftp.sra.ebi.ac.uk/vol1/run/ERR350/ERR3507040/Healthy32_27_L001_R2_001.fastq.gz	31017980	ftp.sra.ebi.ac.uk/vol1/err/ERR350/000/ERR3507040		
ERR3507043	SAMEA5934553	ERX3528257	PRJEB34168	408170	human gut metagenome	3727902;4946804	ftp.sra.ebi.ac.uk/vol1/fastq/ERR350/003/ERR3507043/ERR3507043_1.fastq.gz;ftp.sra.ebi.ac.uk/vol1/fastq/ERR350/003/ERR3507043/ERR3507043_2.fastq.gz	3411518;4652611	ftp.sra.ebi.ac.uk/vol1/run/ERR350/ERR3507043/Healthy35_7_L001_R1_001.fastq.gz;ftp.sra.ebi.ac.uk/vol1/run/ERR350/ERR3507043/Healthy35_7_L001_R2_001.fastq.gz	10010643	ftp.sra.ebi.ac.uk/vol1/err/ERR350/003/ERR3507043		
ERR3507041	SAMEA5934551	ERX3528255	PRJEB34168	408170	human gut metagenome	8398214;9748812	ftp.sra.ebi.ac.uk/vol1/fastq/ERR350/001/ERR3507041/ERR3507041_1.fastq.gz;ftp.sra.ebi.ac.uk/vol1/fastq/ERR350/001/ERR3507041/ERR3507041_2.fastq.gz	7810945;9180937	ftp.sra.ebi.ac.uk/vol1/run/ERR350/ERR3507041/Healthy33_10_L001_R1_001.fastq.gz;ftp.sra.ebi.ac.uk/vol1/run/ERR350/ERR3507041/Healthy33_10_L001_R2_001.fastq.gz	19717928	ftp.sra.ebi.ac.uk/vol1/err/ERR350/001/ERR3507041		
ERR3507046	SAMEA5934556	ERX3528260	PRJEB34168	408170	human gut metagenome	3340688;4149275	ftp.sra.ebi.ac.uk/vol1/fastq/ERR350/006/ERR3507046/ERR3507046_1.fastq.gz;ftp.sra.ebi.ac.uk/vol1/fastq/ERR350/006/ERR3507046/ERR3507046_2.fastq.gz	3071664;3904689	ftp.sra.ebi.ac.uk/vol1/run/ERR350/ERR3507046/Healthy38_11_L001_R1_001.fastq.gz;ftp.sra.ebi.ac.uk/vol1/run/ERR350/ERR3507046/Healthy38_11_L001_R2_001.fastq.gz	9241740	ftp.sra.ebi.ac.uk/vol1/err/ERR350/006/ERR3507046		
ERR3507048	SAMEA5934558	ERX3528262	PRJEB34168	408170	human gut metagenome	9133670;9942184	ftp.sra.ebi.ac.uk/vol1/fastq/ERR350/008/ERR3507048/ERR3507048_1.fastq.gz;ftp.sra.ebi.ac.uk/vol1/fastq/ERR350/008/ERR3507048/ERR3507048_2.fastq.gz	8516001;9359956	ftp.sra.ebi.ac.uk/vol1/run/ERR350/ERR3507048/MS01_8_L001_R1_001.fastq.gz;ftp.sra.ebi.ac.uk/vol1/run/ERR350/ERR3507048/MS01_8_L001_R2_001.fastq.gz	22159638	ftp.sra.ebi.ac.uk/vol1/err/ERR350/008/ERR3507048		
ERR3507052	SAMEA5934562	ERX3528266	PRJEB34168	408170	human gut metagenome	9559666;10833544	ftp.sra.ebi.ac.uk/vol1/fastq/ERR350/002/ERR3507052/ERR3507052_1.fastq.gz;ftp.sra.ebi.ac.uk/vol1/fastq/ERR350/002/ERR3507052/ERR3507052_2.fastq.gz	8931413;10234658	ftp.sra.ebi.ac.uk/vol1/run/ERR350/ERR3507052/MS05_20_L001_R1_001.fastq.gz;ftp.sra.ebi.ac.uk/vol1/run/ERR350/ERR3507052/MS05_20_L001_R2_001.fastq.gz	23598843	ftp.sra.ebi.ac.uk/vol1/err/ERR350/002/ERR3507052		
ERR3507050	SAMEA5934560	ERX3528264	PRJEB34168	408170	human gut metagenome	8211921;9313517	ftp.sra.ebi.ac.uk/vol1/fastq/ERR350/000/ERR3507050/ERR3507050_1.fastq.gz;ftp.sra.ebi.ac.uk/vol1/fastq/ERR350/000/ERR3507050/ERR3507050_2.fastq.gz	7661266;8785448	ftp.sra.ebi.ac.uk/vol1/run/ERR350/ERR3507050/MS03_17_L001_R1_001.fastq.gz;ftp.sra.ebi.ac.uk/vol1/run/ERR350/ERR3507050/MS03_17_L001_R2_001.fastq.gz	20218960	ftp.sra.ebi.ac.uk/vol1/err/ERR350/000/ERR3507050		
ERR3507056	SAMEA5934566	ERX3528270	PRJEB34168	408170	human gut metagenome	6715801;7531337	ftp.sra.ebi.ac.uk/vol1/fastq/ERR350/006/ERR3507056/ERR3507056_1.fastq.gz;ftp.sra.ebi.ac.uk/vol1/fastq/ERR350/006/ERR3507056/ERR3507056_2.fastq.gz	6276060;7105043	ftp.sra.ebi.ac.uk/vol1/run/ERR350/ERR3507056/MS09_6_L001_R1_001.fastq.gz;ftp.sra.ebi.ac.uk/vol1/run/ERR350/ERR3507056/MS09_6_L001_R2_001.fastq.gz	16088204	ftp.sra.ebi.ac.uk/vol1/err/ERR350/006/ERR3507056		
ERR3507053	SAMEA5934563	ERX3528267	PRJEB34168	408170	human gut metagenome	6998149;7926841	ftp.sra.ebi.ac.uk/vol1/fastq/ERR350/003/ERR3507053/ERR3507053_1.fastq.gz;ftp.sra.ebi.ac.uk/vol1/fastq/ERR350/003/ERR3507053/ERR3507053_2.fastq.gz	6546287;7482604	ftp.sra.ebi.ac.uk/vol1/run/ERR350/ERR3507053/MS06_21_L001_R1_001.fastq.gz;ftp.sra.ebi.ac.uk/vol1/run/ERR350/ERR3507053/MS06_21_L001_R2_001.fastq.gz	17388369	ftp.sra.ebi.ac.uk/vol1/err/ERR350/003/ERR3507053		
ERR3507057	SAMEA5934567	ERX3528271	PRJEB34168	408170	human gut metagenome	14834345;17618512	ftp.sra.ebi.ac.uk/vol1/fastq/ERR350/007/ERR3507057/ERR3507057_1.fastq.gz;ftp.sra.ebi.ac.uk/vol1/fastq/ERR350/007/ERR3507057/ERR3507057_2.fastq.gz	13769098;16599856	ftp.sra.ebi.ac.uk/vol1/run/ERR350/ERR3507057/MS10_11_L001_R1_001.fastq.gz;ftp.sra.ebi.ac.uk/vol1/run/ERR350/ERR3507057/MS10_11_L001_R2_001.fastq.gz	37374124	ftp.sra.ebi.ac.uk/vol1/err/ERR350/007/ERR3507057		
ERR3507059	SAMEA5934569	ERX3528273	PRJEB34168	408170	human gut metagenome	8596429;10144551	ftp.sra.ebi.ac.uk/vol1/fastq/ERR350/009/ERR3507059/ERR3507059_1.fastq.gz;ftp.sra.ebi.ac.uk/vol1/fastq/ERR350/009/ERR3507059/ERR3507059_2.fastq.gz	7973757;9542342	ftp.sra.ebi.ac.uk/vol1/run/ERR350/ERR3507059/MS12_25_L001_R1_001.fastq.gz;ftp.sra.ebi.ac.uk/vol1/run/ERR350/ERR3507059/MS12_25_L001_R2_001.fastq.gz	22124095	ftp.sra.ebi.ac.uk/vol1/err/ERR350/009/ERR3507059		
ERR3507058	SAMEA5934568	ERX3528272	PRJEB34168	408170	human gut metagenome	9825875;11428855	ftp.sra.ebi.ac.uk/vol1/fastq/ERR350/008/ERR3507058/ERR3507058_1.fastq.gz;ftp.sra.ebi.ac.uk/vol1/fastq/ERR350/008/ERR3507058/ERR3507058_2.fastq.gz	9122469;10743405	ftp.sra.ebi.ac.uk/vol1/run/ERR350/ERR3507058/MS11_13_L001_R1_001.fastq.gz;ftp.sra.ebi.ac.uk/vol1/run/ERR350/ERR3507058/MS11_13_L001_R2_001.fastq.gz	24173206	ftp.sra.ebi.ac.uk/vol1/err/ERR350/008/ERR3507058		
ERR3507067	SAMEA5934577	ERX3528281	PRJEB34168	408170	human gut metagenome	12615876;15294395	ftp.sra.ebi.ac.uk/vol1/fastq/ERR350/007/ERR3507067/ERR3507067_1.fastq.gz;ftp.sra.ebi.ac.uk/vol1/fastq/ERR350/007/ERR3507067/ERR3507067_2.fastq.gz	11673502;14412577	ftp.sra.ebi.ac.uk/vol1/run/ERR350/ERR3507067/MS20_6_L001_R1_001.fastq.gz;ftp.sra.ebi.ac.uk/vol1/run/ERR350/ERR3507067/MS20_6_L001_R2_001.fastq.gz	33033503	ftp.sra.ebi.ac.uk/vol1/err/ERR350/007/ERR3507067		
ERR3507060	SAMEA5934570	ERX3528274	PRJEB34168	408170	human gut metagenome	24968888;29591368	ftp.sra.ebi.ac.uk/vol1/fastq/ERR350/000/ERR3507060/ERR3507060_1.fastq.gz;ftp.sra.ebi.ac.uk/vol1/fastq/ERR350/000/ERR3507060/ERR3507060_2.fastq.gz	23132945;27811140	ftp.sra.ebi.ac.uk/vol1/run/ERR350/ERR3507060/MS13_7_L001_R1_001.fastq.gz;ftp.sra.ebi.ac.uk/vol1/run/ERR350/ERR3507060/MS13_7_L001_R2_001.fastq.gz	63225234	ftp.sra.ebi.ac.uk/vol1/err/ERR350/000/ERR3507060		
ERR3507069	SAMEA5934579	ERX3528283	PRJEB34168	408170	human gut metagenome	4262562;5339041	ftp.sra.ebi.ac.uk/vol1/fastq/ERR350/009/ERR3507069/ERR3507069_1.fastq.gz;ftp.sra.ebi.ac.uk/vol1/fastq/ERR350/009/ERR3507069/ERR3507069_2.fastq.gz	3906322;5006957	ftp.sra.ebi.ac.uk/vol1/run/ERR350/ERR3507069/MS22_2_L001_R1_001.fastq.gz;ftp.sra.ebi.ac.uk/vol1/run/ERR350/ERR3507069/MS22_2_L001_R2_001.fastq.gz	11634005	ftp.sra.ebi.ac.uk/vol1/err/ERR350/009/ERR3507069		
ERR3507062	SAMEA5934572	ERX3528276	PRJEB34168	408170	human gut metagenome	9891471;11810448	ftp.sra.ebi.ac.uk/vol1/fastq/ERR350/002/ERR3507062/ERR3507062_1.fastq.gz;ftp.sra.ebi.ac.uk/vol1/fastq/ERR350/002/ERR3507062/ERR3507062_2.fastq.gz	9165524;11126584	ftp.sra.ebi.ac.uk/vol1/run/ERR350/ERR3507062/MS15_23_L001_R1_001.fastq.gz;ftp.sra.ebi.ac.uk/vol1/run/ERR350/ERR3507062/MS15_23_L001_R2_001.fastq.gz	25108866	ftp.sra.ebi.ac.uk/vol1/err/ERR350/002/ERR3507062		
ERR3507063	SAMEA5934573	ERX3528277	PRJEB34168	408170	human gut metagenome	10560530;12569728	ftp.sra.ebi.ac.uk/vol1/fastq/ERR350/003/ERR3507063/ERR3507063_1.fastq.gz;ftp.sra.ebi.ac.uk/vol1/fastq/ERR350/003/ERR3507063/ERR3507063_2.fastq.gz	9777317;11817082	ftp.sra.ebi.ac.uk/vol1/run/ERR350/ERR3507063/MS16_21_L001_R1_001.fastq.gz;ftp.sra.ebi.ac.uk/vol1/run/ERR350/ERR3507063/MS16_21_L001_R2_001.fastq.gz	27615033	ftp.sra.ebi.ac.uk/vol1/err/ERR350/003/ERR3507063		
ERR3507068	SAMEA5934578	ERX3528282	PRJEB34168	408170	human gut metagenome	11051647;13228592	ftp.sra.ebi.ac.uk/vol1/fastq/ERR350/008/ERR3507068/ERR3507068_1.fastq.gz;ftp.sra.ebi.ac.uk/vol1/fastq/ERR350/008/ERR3507068/ERR3507068_2.fastq.gz	10229140;12452091	ftp.sra.ebi.ac.uk/vol1/run/ERR350/ERR3507068/MS21_18_L001_R1_001.fastq.gz;ftp.sra.ebi.ac.uk/vol1/run/ERR350/ERR3507068/MS21_18_L001_R2_001.fastq.gz	28554787	ftp.sra.ebi.ac.uk/vol1/err/ERR350/008/ERR3507068		
ERR3507070	SAMEA5934580	ERX3528284	PRJEB34168	408170	human gut metagenome	3656456;4561981	ftp.sra.ebi.ac.uk/vol1/fastq/ERR350/000/ERR3507070/ERR3507070_1.fastq.gz;ftp.sra.ebi.ac.uk/vol1/fastq/ERR350/000/ERR3507070/ERR3507070_2.fastq.gz	3342456;4284424	ftp.sra.ebi.ac.uk/vol1/run/ERR350/ERR3507070/MS23_3_L001_R1_001.fastq.gz;ftp.sra.ebi.ac.uk/vol1/run/ERR350/ERR3507070/MS23_3_L001_R2_001.fastq.gz	10029041	ftp.sra.ebi.ac.uk/vol1/err/ERR350/000/ERR3507070		
ERR3507071	SAMEA5934581	ERX3528285	PRJEB34168	408170	human gut metagenome	3785999;5067560	ftp.sra.ebi.ac.uk/vol1/fastq/ERR350/001/ERR3507071/ERR3507071_1.fastq.gz;ftp.sra.ebi.ac.uk/vol1/fastq/ERR350/001/ERR3507071/ERR3507071_2.fastq.gz	3426019;4753436	ftp.sra.ebi.ac.uk/vol1/run/ERR350/ERR3507071/MS24_4_L001_R1_001.fastq.gz;ftp.sra.ebi.ac.uk/vol1/run/ERR350/ERR3507071/MS24_4_L001_R2_001.fastq.gz	11365150	ftp.sra.ebi.ac.uk/vol1/err/ERR350/001/ERR3507071		
ERR3507073	SAMEA5934583	ERX3528287	PRJEB34168	408170	human gut metagenome	4159338;5169806	ftp.sra.ebi.ac.uk/vol1/fastq/ERR350/003/ERR3507073/ERR3507073_1.fastq.gz;ftp.sra.ebi.ac.uk/vol1/fastq/ERR350/003/ERR3507073/ERR3507073_2.fastq.gz	3811403;4835728	ftp.sra.ebi.ac.uk/vol1/run/ERR350/ERR3507073/MS26_6_L001_R1_001.fastq.gz;ftp.sra.ebi.ac.uk/vol1/run/ERR350/ERR3507073/MS26_6_L001_R2_001.fastq.gz	10703813	ftp.sra.ebi.ac.uk/vol1/err/ERR350/003/ERR3507073		
